,avg_att,avg_def,position,team,points,QR
5,0.12534550229929345,-0.1387600910327902,,Wales,,
5,0.09672854138967626,0.15076370984217996,,France,,
5,0.17936315296032354,-0.5606647463738842,,Ireland,,
5,-0.5498432686774545,0.289371684719861,,Scotland,,
5,-0.25141755385327486,0.5151006243150366,,Italy,,
5,0.3998236258814357,-0.2558111814704039,,England,,
